emb_gb_per_gpu,kv_gb_per_gpu,emb_lat_ms,emb_hit,emb_alloc_total_gb,kv_lat_ms,kv_hit,kv_alloc_total_gb,total_ms,emb_ratio,kv_ratio,kv_req_gb,split
5.0,35.0,1073.94186901342,0.06291453600000002,20.0,30.0,1.0,140.0,1103.94186901342,0.9728246560420698,0.027175343957930184,2.859619140625,5.0:35.0
10.0,30.0,995.9626504826826,0.12582910800000002,40.0,30.0,1.0,120.0,1025.9626504826826,0.9707591694630541,0.02924083053694592,2.859619140625,10.0:30.0
20.0,20.0,845.5764343251213,0.25165821600000005,80.0,30.0,1.0,80.0,875.5764343251213,0.9657368576586652,0.03426314234133478,2.859619140625,20.0:20.0
25.0,15.0,773.1683850756847,0.31457278799999977,100.00000000000003,30.0,1.0,60.0,803.1683850756847,0.9626479321678317,0.03735206783216825,2.859619140625,25.0:15.0
30.0,10.0,702.6174186804593,0.37748736,120.0,30.0,1.0,40.0,732.6174186804593,0.9590509326763839,0.04094906732361614,2.859619140625,30.0:10.0
35.0,5.0,633.9242696368228,0.4404018960000002,139.99999999999997,30.0,1.0,20.0,663.9242696368228,0.9548141235800727,0.04518587641992735,2.859619140625,35.0:5.0
