emb_gb_per_gpu,kv_gb_per_gpu,emb_lat_ms,emb_hit,emb_alloc_total_gb,kv_lat_ms,kv_hit,kv_alloc_total_gb,total_ms,emb_ratio,kv_ratio,kv_req_gb,split
5.0,35.0,883.1775371171817,0.06291453600000002,20.0,30.0,1.0,140.0,913.1775371171817,0.9671476807295246,0.03285231927047534,2.859619140625,5.0:35.0
10.0,30.0,829.5314656259369,0.12582910800000002,40.0,30.0,1.0,120.0,859.5314656259369,0.9650972638003973,0.034902736199602755,2.859619140625,10.0:30.0
20.0,20.0,722.8337188102488,0.25165821600000005,80.0,30.0,1.0,80.0,752.8337188102488,0.9601505627996965,0.03984943720030356,2.859619140625,20.0:20.0
